DNA_plate	DNA_well	sid	phylo_entropy	quadratic	unrooted_pd	rooted_pd	bwpd
P10	A10	S937	3.34533	0.899001	132.933	132.933	2.03411
P10	A11	S945	3.44466	1.16008	26.3884	26.3884	2.64779
P10	A12	S953	1.79583	0.773397	7.33187	7.3946	1.83557
P10	A1	S865	3.03666	0.842219	120.478	120.478	1.89868
P10	A2	S873	3.11539	0.845671	120.771	120.771	1.91653
P10	A3	S881	3.32727	0.892158	126.955	126.955	1.98862
P10	A4	S889	3.42451	0.943594	137.333	137.333	2.1365
P10	A5	S897	3.11354	0.886483	107.519	107.519	2.03636
P10	A6	S905	3.03692	0.828916	116.902	116.902	1.85431
P10	A7	S913	3.00666	0.884087	102.673	102.673	2.04702
P10	A8	S921	3.3534	1.02927	109.475	109.475	2.48634
P10	A9	S929	3.14338	0.925287	130.702	130.702	2.19655
P10	B10	S938	3.12082	0.90918	135.297	135.297	2.27461
P10	B11	S946	2.28131	0.92524	10.7651	10.7651	2.20453
P10	B12	S954	2.24244	0.89262	12.0077	12.0077	2.1165
P10	B1	S866	3.18116	0.907723	114.17	114.17	2.09313
P10	B2	S874	3.43789	0.91464	134.877	134.877	2.06476
P10	B3	S882	3.26918	0.927893	118.089	118.089	2.1367
P10	B4	S890	3.36829	0.93128	120.358	120.358	2.10432
P10	B5	S898	3.19764	0.92463	122.017	122.017	2.2354
P10	B6	S906	3.28391	0.881426	117.563	117.563	1.98699
P10	B7	S914	3.0321	0.826115	109.591	109.591	1.85609
P10	B8	S922	2.9074	0.783346	117.48	117.48	1.79232
P10	B9	S930	3.19145	0.882398	107.456	107.456	1.98931
P10	C10	S939	3.31953	0.877935	145.263	145.263	2.01114
P10	C11	S947	2.90945	1.03926	18.639	18.639	2.40259
P10	C12	S955	1.57148	0.742309	5.92018	5.98291	1.89754
P10	C1	S867	3.19986	0.871879	116.056	116.056	1.96369
P10	C2	S875	3.0506	0.865785	115.393	115.393	1.98774
P10	C3	S883	3.25279	0.922392	120.197	120.197	2.0556
P10	C4	S891	2.96555	0.884336	102.209	102.209	2.05381
P10	C5	S899	2.98137	0.803083	117.016	117.016	1.80396
P10	C6	S907	3.27118	0.897349	119.148	119.148	2.05303
P10	C7	S915	2.92533	0.817502	118.842	118.842	1.88101
P10	C8	S923	3.1335	0.887088	120.423	120.423	2.0542
P10	C9	S931	3.19688	0.829639	137.302	137.302	1.86596
P10	D10	S940	3.36622	0.920305	124.467	124.467	2.06885
P10	D11	S948	2.36843	0.873634	14.8803	14.8803	2.01514
P10	D12	S956	2.25428	0.982181	8.94591	9.00864	2.35195
P10	D1	S868	3.0559	0.834783	117.158	117.158	1.88447
P10	D2	S876	2.99399	0.88281	122.768	122.768	2.26403
P10	D3	S884	3.34982	0.891204	131.025	131.025	2.00726
P10	D4	S892	3.23247	0.92211	129.975	129.975	2.14029
P10	D5	S900	2.99475	0.846223	106.858	106.858	1.94319
P10	D6	S908	3.22622	0.912864	115.02	115.02	2.09253
P10	D7	S916	3.2182	0.92891	124.3	124.3	2.24568
P10	D8	S924	3.03702	0.913087	93.4482	93.4482	2.1129
P10	D9	S932	3.3278	0.98833	114.86	114.86	2.29668
P10	E10	S941	3.33924	0.921512	130.883	130.883	2.11162
P10	E11	S949	1.83148	0.732471	8.93751	8.93751	1.72421
P10	E12	S957	2.90859	1.01798	19.3682	19.3682	2.3094
P10	E1	S869	3.166	0.890572	107.699	107.699	2.0412
P10	E2	S877	3.16956	0.959998	101.285	101.285	2.2417
P10	E3	S885	3.34822	0.950557	132.377	132.377	2.1823
P10	E4	S893	3.38608	0.944415	100.024	100.024	2.11243
P10	E5	S901	3.4382	0.937909	138.495	138.495	2.12184
P10	E6	S909	3.42961	0.974355	116.264	116.264	2.20033
P10	E7	S917	3.07404	0.893351	113.296	113.296	2.09223
P10	E8	S925	3.30217	0.972257	118.641	118.641	2.254
P10	E9	S933	3.21109	0.948661	108.822	108.822	2.212
P10	F10	S942	3.15897	0.856796	124.414	124.414	1.92603
P10	F11	S950	1.91258	0.731899	11.2432	11.3059	1.77294
P10	F12	S958	1.94918	0.799151	9.19246	9.19246	1.89882
P10	F1	S870	3.40809	0.93539	122.716	122.716	2.10863
P10	F2	S878	3.50387	0.974586	131.78	131.78	2.19806
P10	F3	S886	3.45152	0.936883	129.395	129.395	2.1072
P10	F4	S894	3.07423	0.848434	110.407	110.407	1.91147
P10	F5	S902	3.26515	0.909509	114.905	114.905	2.05889
P10	F6	S910	3.01959	0.922753	94.7662	94.7662	2.16522
P10	F7	S918	1.35659	0.345698	71.6114	71.6114	0.732166
P10	F8	S926	3.32254	0.921653	131.445	131.445	2.04601
P10	F9	S934	3.33801	0.952282	115.362	115.362	2.16977
P10	G10	S943	3.10557	0.900846	113.13	113.13	2.06535
P10	G11	S951	2.57967	0.915566	17.5067	17.5067	2.18046
P10	G12	S959	2.5782	0.907377	17.6124	17.6124	2.09279
P10	G1	S871	3.12743	0.858264	119.329	119.329	1.93784
P10	G2	S879	2.00338	0.704697	75.8329	75.8329	1.81236
P10	G3	S887	3.27	0.863453	134.031	134.031	1.91505
P10	G4	S895	3.06625	0.869664	123.808	123.808	2.01932
P10	G5	S903	3.42486	0.94941	121.53	121.53	2.17396
P10	G6	S911	2.92364	0.854165	109.06	109.06	2.03984
P10	G7	S919	3.01629	0.914245	118.817	118.817	2.23051
P10	G8	S927	3.2821	0.869176	127.111	127.111	1.98194
P10	G9	S935	3.05191	0.884386	105.086	105.086	2.06388
P10	H10	S944	3.02637	0.874352	121.684	121.684	2.02895
P10	H11	S952	2.84756	0.921263	26.7715	26.7715	2.07504
P10	H12	S960	2.31258	0.825198	14.3687	14.3687	1.88404
P10	H1	S872	3.47181	0.928447	127.134	127.134	2.0825
P10	H2	S880	3.25388	0.872213	125.485	125.485	1.97367
P10	H3	S888	3.01414	0.829455	121.638	121.638	1.90334
P10	H4	S896	3.2954	0.942308	134.645	134.645	2.19569
P10	H5	S904	3.2797	0.910587	125.421	125.421	2.08727
P10	H6	S912	3.30793	0.9095	118.045	118.045	2.0662
P10	H7	S920	3.6252	0.978297	135.33	135.33	2.19312
P10	H8	S928	2.99674	0.895667	118.591	118.591	2.23031
P10	H9	S936	3.21349	0.910649	127.181	127.181	2.11183
P1	A10	S73	3.15481	0.968483	121.599	121.599	2.29722
P1	A11	S81	3.16625	0.923484	109.63	109.63	2.13685
P1	A12	S89	3.41368	0.915112	136.165	136.165	2.06976
P1	A1	S1	1.86488	0.725559	9.62971	9.69244	1.70163
P1	A2	S9	3.07976	0.925511	113.075	113.075	2.1521
P1	A3	S17	3.33941	0.943454	133.422	133.422	2.15748
P1	A4	S25	3.12744	0.959071	109.573	109.573	2.28977
P1	A5	S33	3.17906	0.867555	121.801	121.801	1.9885
P1	A6	S41	3.44616	0.954589	130.183	130.183	2.14313
P1	A7	S49	3.62328	0.996377	131.625	131.625	2.21702
P1	A8	S57	3.22918	0.918728	112.923	112.923	2.13129
P1	A9	S65	3.062	0.893948	108.876	108.876	2.02067
P1	B10	S74	3.45476	0.973647	135.46	135.46	2.19773
P1	B11	S82	3.34446	0.879509	134.077	134.077	1.96619
P1	B12	S90	3.39346	0.929344	135.491	135.491	2.06696
P1	B1	S2	3.37822	0.897354	134.683	134.683	2.0195
P1	B2	S10	3.46304	0.948576	137.07	137.07	2.16067
P1	B3	S18	3.4104	0.944922	135.963	135.963	2.12492
P1	B4	S26	3.35609	0.904691	134.732	134.732	2.01509
P1	B5	S34	3.25755	0.983874	123.854	123.854	2.37666
P1	B6	S42	3.21478	0.948302	107.873	107.873	2.15835
P1	B7	S50	3.40818	0.978362	128.889	128.889	2.23725
P1	B8	S58	3.30048	0.950467	114.346	114.346	2.1556
P1	B9	S66	3.20089	0.922955	117.752	117.752	2.14609
P1	C10	S75	3.43864	0.967027	124.473	124.473	2.1776
P1	C11	S83	3.31353	0.924282	118.969	118.969	2.12152
P1	C12	S91	3.35662	0.947618	124.146	124.146	2.13175
P1	C1	S3	3.21807	0.946905	105.488	105.488	2.16417
P1	C2	S11	3.1244	0.887527	113.739	113.739	2.06873
P1	C3	S19	3.25243	0.892491	124.792	124.792	2.03437
P1	C4	S27	3.01091	0.833518	111.402	111.402	1.91004
P1	C5	S35	3.21971	0.898433	116.025	116.025	2.07865
P1	C6	S43	3.19561	0.952948	116.427	116.427	2.18597
P1	C7	S51	3.3147	0.886485	128.931	128.931	2.01322
P1	C8	S59	3.22581	0.944207	122.344	122.344	2.2063
P1	C9	S67	3.05667	0.91777	121.466	121.466	2.32605
P1	D10	S76	3.35749	0.89698	131.603	131.603	2.02985
P1	D11	S84	3.18961	0.953412	115.517	115.517	2.23369
P1	D12	S92	3.21954	0.930956	124.067	124.067	2.16247
P1	D1	S4	3.27417	0.91504	126.13	126.13	2.10991
P1	D2	S12	3.354	0.984035	117.009	117.009	2.2382
P1	D3	S20	3.34441	0.926766	119.452	119.452	2.11209
P1	D4	S28	3.16761	0.871428	116.528	116.528	1.9998
P1	D5	S36	3.19141	0.876527	125.13	125.13	2.036
P1	D6	S44	3.22938	0.955489	119.791	119.791	2.18786
P1	D7	S52	3.13645	0.889092	107.683	107.683	2.0312
P1	D8	S60	2.97414	0.915608	101.968	101.968	2.37147
P1	D9	S68	3.413	0.948284	126.545	126.545	2.20632
P1	E10	S77	3.28843	0.900481	116.192	116.192	2.05503
P1	E11	S85	3.38798	0.971489	129.975	129.975	2.19443
P1	E12	S93	2.98768	0.945694	100.707	100.707	2.23878
P1	E1	S5	3.0788	0.908024	123.788	123.788	2.13094
P1	E2	S13	3.40459	0.947971	146.262	146.262	2.12133
P1	E3	S21	3.17547	0.941923	104.042	104.042	2.20521
P1	E4	S29	3.40049	1.02228	117.146	117.146	2.37232
P1	E5	S37	2.94961	0.903069	109.33	109.33	2.24088
P1	E6	S45	3.30797	0.922466	128.967	128.967	2.1077
P1	E7	S53	3.33742	1.02477	61.9385	61.9385	2.32477
P1	E8	S61	3.0703	0.917818	120.24	120.24	2.14596
P1	E9	S69	3.23772	0.909981	126.718	126.718	2.07455
P1	F10	S78	3.41416	0.971115	121.504	121.504	2.26599
P1	F11	S86	3.43025	0.969702	139.616	139.616	2.17729
P1	F12	S94	3.5009	0.969283	129.812	129.812	2.17556
P1	F1	S6	3.27427	0.898517	134.462	134.462	2.04791
P1	F2	S14	3.30073	0.994851	100.171	100.171	2.26079
P1	F3	S22	3.04743	0.884201	113.977	113.977	2.03691
P1	F4	S30	3.42788	1.0357	111.069	111.069	2.37163
P1	F5	S38	3.16562	0.901842	122.503	122.503	2.07565
P1	F6	S46	3.18963	0.921474	108.081	108.081	2.12174
P1	F7	S54	3.50626	0.979921	125.061	125.061	2.1933
P1	F8	S62	2.01239	0.683056	55.3917	55.3917	1.74099
P1	F9	S70	3.66501	0.98748	151.307	151.307	2.19854
P1	G10	S79	3.16062	0.937483	119.234	119.234	2.17885
P1	G11	S87	3.41058	0.974369	131.15	131.15	2.24469
P1	G12	S95	3.18546	0.928284	107.615	107.615	2.11976
P1	G1	S7	2.96586	0.903269	112.68	112.68	2.18239
P1	G2	S15	3.34504	1.02324	121.546	121.546	2.39482
P1	G3	S23	3.09338	0.858427	115.996	115.996	1.98188
P1	G4	S31	3.22009	0.880109	127.013	127.013	1.99436
P1	G5	S39	3.39422	0.931767	122.922	122.922	2.05769
P1	G6	S47	3.30839	0.91764	136.302	136.302	2.1021
P1	G7	S55	3.21868	0.904634	123.871	123.871	2.0519
P1	G8	S63	3.33814	0.990977	111.11	111.11	2.27234
P1	G9	S71	3.24421	0.941939	126.924	126.924	2.13462
P1	H10	S80	3.26084	0.96298	113.82	113.82	2.1861
P1	H11	S88	3.18443	0.914474	116.996	116.996	2.08491
P1	H12	S96	3.32177	0.952014	114.004	114.004	2.1702
P1	H1	S8	3.22338	0.913205	123.032	123.032	2.07742
P1	H2	S16	3.17118	0.900853	133.541	133.541	2.09439
P1	H3	S24	3.19834	0.905386	124.283	124.283	2.07189
P1	H4	S32	3.3706	0.910367	123.73	123.73	2.02783
P1	H5	S40	3.28536	0.941714	126.802	126.802	2.14041
P1	H6	S48	3.2879	1.00645	103.526	103.526	2.30864
P1	H7	S56	3.3326	0.954329	117.619	117.619	2.17814
P1	H8	S64	3.30583	0.955826	120.164	120.164	2.2114
P1	H9	S72	3.33789	0.926535	129.915	129.915	2.08819
P2	A10	S169	3.35369	1.03452	114.152	114.152	2.41042
P2	A11	S177	2.97733	0.855207	103.753	103.753	1.98172
P2	A12	S185	3.49869	0.986451	135.148	135.148	2.24842
P2	A1	S97	3.35062	0.987831	122.806	122.806	2.27639
P2	A2	S105	3.40917	1.01508	109.159	109.159	2.31525
P2	A3	S113	3.14581	0.968422	104.08	104.08	2.28557
P2	A4	S121	3.31503	0.972605	123.353	123.353	2.26541
P2	A5	S129	3.37149	0.991598	119.567	119.567	2.24512
P2	A6	S137	3.2287	0.943926	121.268	121.268	2.17082
P2	A7	S145	3.26324	0.916845	118.044	118.044	2.1073
P2	A8	S153	3.04499	0.978211	93.97	93.97	2.32767
P2	A9	S161	3.16875	0.902691	127.209	127.209	2.10262
P2	B10	S170	2.89672	0.929684	105.826	105.826	2.27841
P2	B11	S178	3.35445	1.03377	100.587	100.587	2.35084
P2	B12	S186	3.35828	0.933922	130.254	130.254	2.11029
P2	B1	S98	3.14171	0.869786	125.525	125.525	2.03108
P2	B2	S106	3.28695	0.933156	118.057	118.057	2.14178
P2	B3	S114	3.33424	0.913499	127.526	127.526	2.09022
P2	B4	S122	3.19355	0.915694	112.945	112.945	2.0925
P2	B5	S130	2.80079	0.890136	41.6019	41.6019	2.03755
P2	B6	S138	3.18952	0.963376	111.148	111.148	2.24046
P2	B7	S146	3.41109	0.97181	124.246	124.246	2.19261
P2	B8	S154	3.09264	0.861433	127.726	127.726	2.0023
P2	B9	S162	3.08905	0.954562	105.192	105.192	2.29722
P2	C10	S171	3.3236	0.930325	110.182	110.182	2.12009
P2	C11	S179	3.20635	0.988209	101.806	101.806	2.25069
P2	C12	S187	3.41757	0.929398	140.14	140.14	2.10943
P2	C1	S99	3.2183	0.947688	120.629	120.629	2.18293
P2	C2	S107	3.20007	0.886867	136.593	136.593	2.0091
P2	C3	S115	3.18283	0.864967	124.921	124.921	1.98284
P2	C4	S123	3.35133	0.928015	123.347	123.347	2.08149
P2	C5	S131	3.34117	0.964631	120.011	120.011	2.18947
P2	C6	S139	3.33569	0.97404	115.599	115.599	2.24963
P2	C7	S147	3.08742	0.855522	124.663	124.663	1.99531
P2	C8	S155	3.13062	0.915054	106.867	106.867	2.12767
P2	C9	S163	2.06142	0.711609	51.9789	51.9789	1.80141
P2	D10	S172	2.72651	0.997414	15.9098	15.9098	2.26625
P2	D11	S180	2.81182	1.04574	16.5904	16.5904	2.38782
P2	D12	S188	2.03174	0.979802	6.87605	6.87605	2.45717
P2	D1	S100	0.826584	0.534355	2.4046	2.5384	1.60306
P2	D2	S108	3.57228	1.14378	32.2758	32.2758	2.53739
P2	D3	S116	3.25631	1.13438	21.4701	21.4701	2.53868
P2	D4	S124	2.28508	0.878268	12.3713	12.3713	2.02863
P2	D5	S132	3.30742	1.19786	19.8389	19.8389	2.71163
P2	D6	S140	1.90899	0.776863	9.31967	9.3824	1.86403
P2	D7	S148	2.01323	0.742612	12.7714	12.8342	1.77194
P2	D8	S156	2.87617	0.959602	20.6202	20.6202	2.10251
P2	D9	S164	2.8429	1.01786	20.0506	20.0506	2.34925
P2	E10	S173	3.37596	0.889415	139.309	139.309	2.0232
P2	E11	S181	3.07349	0.995644	101.699	101.699	2.42326
P2	E12	S189	3.39903	0.968935	130.719	130.719	2.19336
P2	E1	S101	3.20725	0.973645	119.837	119.837	2.29319
P2	E2	S109	3.1691	0.907849	121.899	121.899	2.06978
P2	E3	S117	3.20447	1.01831	106.834	106.834	2.45157
P2	E4	S125	3.14222	0.89357	119.653	119.653	2.07263
P2	E5	S133	3.35289	0.968466	133.816	133.816	2.20113
P2	E6	S141	3.20417	0.962484	90.9492	90.9492	2.18764
P2	E7	S149	2.95503	0.821505	110.775	110.775	1.87036
P2	E8	S157	3.29455	0.913753	120.05	120.05	2.08937
P2	E9	S165	3.44172	1.02766	105.828	105.828	2.3295
P2	F10	S174	3.12068	0.948425	112.517	112.517	2.23748
P2	F11	S182	3.3675	1.00854	114.039	114.039	2.3247
P2	F12	S190	3.26097	0.983803	116.09	116.09	2.28904
P2	F1	S102	3.42558	0.99205	124.078	124.078	2.27724
P2	F2	S110	3.44588	0.955728	137.588	137.588	2.14346
P2	F3	S118	3.33167	0.996156	114.111	114.111	2.29467
P2	F4	S126	3.28218	0.964096	101.369	101.369	2.22824
P2	F5	S134	3.20212	0.916975	128.005	128.005	2.12125
P2	F6	S142	3.41701	0.971839	122.94	122.94	2.21396
P2	F7	S150	3.24628	0.98633	112.52	112.52	2.30055
P2	F8	S158	3.1496	0.916885	114.618	114.618	2.115
P2	F9	S166	3.44077	0.985339	111.913	111.913	2.26778
P2	G10	S175	3.22114	0.878387	130.959	130.959	2.00416
P2	G11	S183	3.14407	0.877679	113.351	113.351	2.02659
P2	G12	S191	3.18933	0.939622	121.831	121.831	2.20778
P2	G1	S103	3.45409	0.93669	135	135	2.12171
P2	G2	S111	3.13953	0.954753	104.356	104.356	2.25435
P2	G3	S119	3.2036	0.997398	103.175	103.175	2.28647
P2	G4	S127	3.03316	0.874669	114.706	114.706	1.99925
P2	G5	S135	3.19141	0.92367	113.471	113.471	2.09972
P2	G6	S143	3.49969	0.980491	134.859	134.859	2.24273
P2	G7	S151	3.25901	0.934402	143.532	143.532	2.20735
P2	G8	S159	3.12991	0.932903	109.27	109.27	2.18276
P2	G9	S167	3.21155	0.989106	104.359	104.359	2.34066
P2	H10	S176	2.94912	1.00574	22.2618	22.2618	2.26274
P2	H11	S184	2.7394	0.920885	26.446	26.446	2.10379
P2	H12	S192	2.91642	1.03265	17.5191	17.5191	2.29291
P2	H1	S104	3.12234	0.911129	122.482	122.482	2.11853
P2	H2	S112	3.22169	0.903594	117.132	117.132	2.05704
P2	H3	S120	3.12871	0.888089	127.511	127.511	2.08237
P2	H4	S128	3.56113	0.991354	122.13	122.13	2.22383
P2	H5	S136	3.26583	0.952374	107.156	107.156	2.19343
P2	H6	S144	3.13271	0.830192	139.026	139.026	1.91192
P2	H7	S152	3.32695	0.985003	120.337	120.337	2.27548
P2	H8	S160	3.12883	0.938011	93.0053	93.0053	2.12106
P2	H9	S168	2.63121	0.914525	19.9365	19.9365	2.07891
P3	A10	S265	3.19958	0.855073	137.812	137.812	1.97573
P3	A11	S273	3.08544	0.86433	114.926	114.926	1.96416
P3	A12	S281	3.65685	1.04855	118.695	118.695	2.39721
P3	A1	S193	3.54504	0.960221	128.417	128.417	2.15381
P3	A2	S201	3.64928	0.97833	139.522	139.522	2.15111
P3	A3	S209	3.1416	0.921512	121.703	121.703	2.1626
P3	A4	S217	3.51767	0.920587	137.433	137.433	2.04458
P3	A5	S225	3.8825	1.05111	134.035	134.035	2.31441
P3	A6	S233	3.04069	0.848041	119.858	119.858	1.95911
P3	A7	S241	3.49292	0.926494	124.485	124.485	2.06006
P3	A8	S249	3.48992	0.99974	111.723	111.723	2.27557
P3	A9	S257	3.17923	0.874012	119.27	119.27	1.99072
P3	B10	S266	3.36059	0.883229	138.6	138.6	1.98999
P3	B11	S274	2.77536	0.878281	100.93	100.93	2.2373
P3	B12	S282	3.35778	0.871863	135.858	135.858	1.97327
P3	B1	S194	3.28915	0.913112	127.383	127.383	2.04701
P3	B2	S202	3.54197	0.974444	132.812	132.812	2.1847
P3	B3	S210	3.12911	0.927337	115.966	115.966	2.22169
P3	B4	S218	3.50791	0.949119	126.951	126.951	2.13136
P3	B5	S226	3.61902	0.920873	144.783	144.783	2.00898
P3	B6	S234	3.32663	0.902259	121.762	121.762	2.03524
P3	B7	S242	3.3305	0.905689	130.88	130.88	2.06998
P3	B8	S250	3.44241	0.922598	131.185	131.185	2.06813
P3	B9	S258	3.19669	0.956852	108.459	108.459	2.25619
P3	C10	S267	3.30996	0.888811	132.438	132.438	2.00183
P3	C11	S275	3.23679	0.824396	139.779	139.779	1.85493
P3	C12	S283	3.37772	0.857505	146.982	146.982	1.92767
P3	C1	S195	3.21071	0.9198	123.87	123.87	2.21483
P3	C2	S203	2.50924	0.831114	24.345	24.345	1.88516
P3	C3	S211	3.60985	0.968952	133.653	133.653	2.12957
P3	C4	S219	3.20461	0.91842	127.858	127.858	2.06976
P3	C5	S227	3.20467	0.856329	132.453	132.453	1.94963
P3	C6	S235	3.43474	0.95167	130.176	130.176	2.13788
P3	C7	S243	3.11312	0.823018	130.224	130.224	1.85418
P3	C8	S251	3.40399	0.917599	138.529	138.529	2.05588
P3	C9	S259	3.15232	0.875953	110.559	110.559	1.9818
P3	D10	S268	2.95884	0.909459	109.699	109.699	2.29006
P3	D11	S276	3.31406	0.928183	124.771	124.771	2.0747
P3	D12	S284	3.35621	0.896823	129.69	129.69	2.03891
P3	D1	S196	3.45988	0.93511	138.735	138.735	2.08998
P3	D2	S204	3.46646	0.975272	128.606	128.606	2.21542
P3	D3	S212	3.37015	0.916884	143.894	143.894	2.06608
P3	D4	S220	3.20843	0.935142	126.224	126.224	2.25515
P3	D5	S228	3.23328	0.900386	112.021	112.021	2.04606
P3	D6	S236	3.17865	0.934846	103.062	103.062	2.15079
P3	D7	S244	3.42413	0.943918	128.978	128.978	2.10187
P3	D8	S252	3.09648	0.932407	111.47	111.47	2.15349
P3	D9	S260	3.23768	0.871074	124.832	124.832	1.98463
P3	E10	S269	3.38332	0.956628	101.137	101.137	2.15221
P3	E11	S277	3.38513	0.931587	145.316	145.316	2.12846
P3	E12	S285	3.33463	0.883201	133.903	133.903	2.00149
P3	E1	S197	2.90479	0.808899	117.767	117.767	1.89856
P3	E2	S205	3.39687	0.957938	107.409	107.409	2.12521
P3	E3	S213	3.39956	0.901693	127.907	127.907	2.02935
P3	E4	S221	3.35618	0.934568	119.074	119.074	2.12475
P3	E5	S229	3.39966	0.912957	138.481	138.481	2.03062
P3	E6	S237	3.30798	0.947136	124.369	124.369	2.17962
P3	E7	S245	3.54486	1.01295	130.332	130.332	2.28693
P3	E8	S253	3.22519	0.905617	132.539	132.539	2.0709
P3	E9	S261	3.19923	0.912493	120.13	120.13	2.09665
P3	F10	S270	3.23878	0.940969	104.356	104.356	2.13936
P3	F11	S278	3.48303	0.99752	115.672	115.672	2.23383
P3	F12	S286	3.3597	0.963688	108.68	108.68	2.18645
P3	F1	S198	3.39832	0.902288	132.795	132.795	2.02823
P3	F2	S206	3.42827	0.935863	110.164	110.164	2.07641
P3	F3	S214	3.28792	0.907837	119.826	119.826	2.07414
P3	F4	S222	2.00696	0.715931	60.617	60.617	1.86463
P3	F5	S230	3.29958	0.915209	125.198	125.198	2.10835
P3	F6	S238	3.00719	0.873918	116.828	116.828	2.0396
P3	F7	S246	3.54855	0.945457	132.36	132.36	2.0908
P3	F8	S254	3.49235	0.96481	127.47	127.47	2.15295
P3	F9	S262	2.96559	0.913963	100.522	100.522	2.2324
P3	G10	S271	3.35689	0.940478	122.758	122.758	2.08877
P3	G11	S279	2.9858	0.788165	127.321	127.321	1.8061
P3	G12	S287	3.27224	0.913937	121.728	121.728	2.08753
P3	G1	S199	3.24351	0.881755	129.392	129.392	2.02889
P3	G2	S207	3.54385	1.03884	139.771	139.771	2.35289
P3	G3	S215	3.32082	0.906849	113.25	113.25	2.0113
P3	G4	S223	1.88699	0.681424	50.1245	50.1245	1.75359
P3	G5	S231	3.35893	0.939718	126	126	2.10183
P3	G6	S239	3.66653	0.960066	144.938	144.938	2.10496
P3	G7	S247	3.2955	0.938814	123.133	123.133	2.13639
P3	G8	S255	3.53723	0.946538	129.085	129.085	2.13763
P3	G9	S263	3.28294	0.861815	126.143	126.143	1.92587
P3	H10	S272	3.40273	0.898029	138.427	138.427	2.05667
P3	H11	S280	3.21449	0.873696	132.654	132.654	1.99097
P3	H12	S288	3.35829	0.91399	131.179	131.179	2.08228
P3	H1	S200	1.43162	0.36518	65.5341	65.5341	0.773404
P3	H2	S208	3.1989	0.878633	138.754	138.754	2.02295
P3	H3	S216	3.49223	0.976313	115.742	115.742	2.20318
P3	H4	S224	3.45768	0.983025	127.641	127.641	2.27645
P3	H5	S232	3.22307	0.895878	131.964	131.964	2.04561
P3	H6	S240	3.33962	0.901756	135.186	135.186	2.03378
P3	H7	S248	3.23294	0.851429	122.463	122.463	1.92824
P3	H8	S256	3.25735	0.917517	119.174	119.174	2.07631
P3	H9	S264	3.30229	0.940552	115.236	115.236	2.16431
P4	A10	S361	2.86657	0.863962	119.063	119.063	2.15333
P4	A11	S369	3.24671	0.891789	121.351	121.351	1.99687
P4	A12	S377	3.68838	0.970972	143.616	143.616	2.16076
P4	A1	S289	3.36693	0.99545	108.895	108.895	2.25766
P4	A2	S297	3.47318	0.983843	125.637	125.637	2.1954
P4	A3	S305	3.53934	1.04571	110.692	110.692	2.44019
P4	A4	S313	3.33963	0.976426	123.77	123.77	2.23478
P4	A5	S321	3.3098	0.938687	126.191	126.191	2.15615
P4	A6	S329	3.09465	0.858206	121.846	121.846	1.98859
P4	A7	S337	3.28499	0.859893	138.643	138.643	1.96446
P4	A8	S345	3.27009	0.910997	125.895	125.895	2.04291
P4	A9	S353	3.06144	0.94808	110.069	110.069	2.22003
P4	B10	S362	3.06646	0.888356	110.308	110.308	2.05166
P4	B11	S370	3.16667	0.928464	103.144	103.144	2.12442
P4	B12	S378	3.39744	0.886534	137.073	137.073	2.00903
P4	B1	S290	3.33461	0.911022	114.615	114.615	2.06083
P4	B2	S298	3.23387	0.957459	113.836	113.836	2.19155
P4	B3	S306	2.93748	0.878914	114.079	114.079	2.1879
P4	B4	S314	3.38174	0.965955	122.242	122.242	2.20929
P4	B5	S322	3.34612	0.988948	110.225	110.225	2.26939
P4	B6	S330	3.19417	0.978536	112.08	112.08	2.31864
P4	B7	S338	1.76445	0.594455	46.9603	46.9603	1.46321
P4	B8	S346	3.11559	0.980237	107.803	107.803	2.38744
P4	B9	S354	3.31773	0.969176	101.529	101.529	2.18763
P4	C10	S363	3.13752	0.877494	118.04	118.04	1.99013
P4	C11	S371	3.15053	0.922862	103.889	103.889	2.10739
P4	C12	S379	3.20437	0.866415	122.028	122.028	1.96434
P4	C1	S291	3.31774	0.922232	115.36	115.36	2.081
P4	C2	S299	3.37747	0.892618	121.757	121.757	2.00869
P4	C3	S307	3.21421	0.977329	103.387	103.387	2.26914
P4	C4	S315	3.18569	0.917861	128.866	128.866	2.1259
P4	C5	S323	3.42608	0.916727	138.215	138.215	2.0712
P4	C6	S331	3.14146	0.931587	101.022	101.022	2.15874
P4	C7	S339	3.58128	1.03306	136.786	136.786	2.35126
P4	C8	S347	3.14871	0.975169	108.809	108.809	2.30184
P4	C9	S355	3.24027	0.9332	118.921	118.921	2.21915
P4	D10	S364	3.43265	0.92421	135.889	135.889	2.07973
P4	D11	S372	3.17023	0.920477	119.01	119.01	2.16343
P4	D12	S380	3.52899	0.994868	101.124	101.124	2.21446
P4	D1	S292	1.91029	0.600585	70.4288	70.4288	1.40064
P4	D2	S300	3.38279	0.925458	121.487	121.487	2.0788
P4	D3	S308	1.43619	0.374173	70.521	70.521	0.800416
P4	D4	S316	3.16414	0.930973	117.744	117.744	2.17929
P4	D5	S324	3.3432	0.933492	126.659	126.659	2.13855
P4	D6	S332	3.2421	0.913986	107.473	107.473	2.05718
P4	D7	S340	2.96875	0.870778	111.19	111.19	2.0352
P4	D8	S348	3.02444	0.878234	103.957	103.957	2.02103
P4	D9	S356	3.32553	0.90718	139.318	139.318	2.08957
P4	E10	S365	3.06374	0.926133	92.4867	92.4867	2.24367
P4	E11	S373	3.1652	0.859792	122.586	122.586	1.98488
P4	E12	S381	3.3007	0.923206	118.865	118.865	2.09128
P4	E1	S293	3.35289	0.911197	119.294	119.294	2.03596
P4	E2	S301	3.19929	0.962936	76.5269	76.5269	2.18041
P4	E3	S309	3.65465	0.996041	132.568	132.568	2.2262
P4	E4	S317	3.48128	0.937835	128.203	128.203	2.10735
P4	E5	S325	3.30877	0.939723	114.051	114.051	2.1396
P4	E6	S333	3.05452	0.89323	107.812	107.812	2.06641
P4	E7	S341	3.36393	0.902529	133.453	133.453	2.06202
P4	E8	S349	3.2384	0.846051	134.155	134.155	1.93321
P4	E9	S357	3.17627	0.946725	119.097	119.097	2.24461
P4	F10	S366	1.57608	0.723925	5.92557	5.9883	1.7728
P4	F11	S374	3.1854	0.917738	114.77	114.77	2.13043
P4	F12	S382	3.39932	0.90294	122.626	122.626	2.00537
P4	F1	S294	3.17132	0.950015	115.477	115.477	2.27194
P4	F2	S302	3.3443	0.924903	127.537	127.537	2.14369
P4	F3	S310	3.34393	1.00707	111.794	111.794	2.31866
P4	F4	S318	3.16815	0.985139	107.158	107.158	2.36937
P4	F5	S326	3.64508	0.973826	134.602	134.602	2.1316
P4	F6	S334	3.18733	0.9174	118.104	118.104	2.15777
P4	F7	S342	3.30382	0.890975	121.312	121.312	2.00984
P4	F8	S350	2.86137	0.862296	80.8192	80.8192	2.02012
P4	F9	S358	3.14232	0.860332	122.992	122.992	1.98289
P4	G10	S367	3.24917	0.940742	117.128	117.128	2.13392
P4	G11	S375	2.93956	0.814501	102.514	102.514	1.8765
P4	G12	S383	3.30044	0.875514	125.672	125.672	1.96974
P4	G1	S295	3.29975	0.912538	128.712	128.712	2.05665
P4	G2	S303	2.97037	0.888822	98.773	98.773	2.15008
P4	G3	S311	3.31455	0.943956	125.571	125.571	2.14963
P4	G4	S319	3.25158	0.874068	134.142	134.142	1.97869
P4	G5	S327	3.38826	0.967759	128.162	128.162	2.24323
P4	G6	S335	2.76565	0.968655	21.7649	21.7649	2.23294
P4	G7	S343	3.31505	0.970046	108.033	108.033	2.25018
P4	G8	S351	3.22512	0.880899	122.742	122.742	2.01435
P4	G9	S359	3.27787	0.93115	135.748	135.748	2.13546
P4	H10	S368	3.32017	0.968837	120.924	120.924	2.25569
P4	H11	S376	3.32487	0.896431	132.356	132.356	2.02113
P4	H12	S384	3.40522	0.896315	136.485	136.485	2.00827
P4	H1	S296	3.267	0.953832	130.486	130.486	2.27889
P4	H2	S304	3.23401	0.923966	124.459	124.459	2.12831
P4	H3	S312	3.55308	0.980995	131.453	131.453	2.19896
P4	H4	S320	3.14594	0.939425	127.935	127.935	2.27145
P4	H5	S328	3.31239	0.924071	118.94	118.94	2.06805
P4	H6	S336	3.23616	0.91944	109.96	109.96	2.09254
P4	H7	S344	3.48596	0.954094	134.759	134.759	2.15932
P4	H8	S352	3.60652	0.955587	146.209	146.209	2.17578
P4	H9	S360	3.30246	0.979579	107.459	107.459	2.24619
P5	A10	S457	3.3271	0.930245	128.174	128.174	2.13876
P5	A11	S465	3.31335	0.990384	105.046	105.046	2.27764
P5	A12	S473	3.40827	1.14806	97.5599	97.5599	2.70966
P5	A1	S385	2.95516	0.92646	102.072	102.072	2.29838
P5	A2	S393	3.60413	1.03656	124.993	124.993	2.33384
P5	A3	S401	3.19096	0.916111	115.095	115.095	2.18966
P5	A4	S409	3.31444	0.960712	110.667	110.667	2.21325
P5	A5	S417	3.05076	0.904662	116.399	116.399	2.22261
P5	A6	S425	3.58208	1.01862	107.62	107.62	2.25914
P5	A7	S433	3.04166	0.865198	121.277	121.277	2.00387
P5	A8	S441	3.15798	0.951435	114.958	114.958	2.20176
P5	A9	S449	3.83242	1.09074	145.538	145.538	2.44926
P5	B10	S458	2.99839	0.868989	110.977	110.977	2.03108
P5	B11	S466	3.41832	0.925478	140.821	140.821	2.10061
P5	B12	S474	3.27437	0.898875	119.124	119.124	2.01676
P5	B1	S386	3.11245	0.903943	118.448	118.448	2.17898
P5	B2	S394	1.90898	0.67784	43.4356	43.4356	1.7183
P5	B3	S402	3.28304	0.942265	106.997	106.997	2.15885
P5	B4	S410	3.00024	1.01956	91.9802	91.9802	2.45554
P5	B5	S418	3.2874	0.991814	110.527	110.527	2.36026
P5	B6	S426	3.4916	0.959787	137.084	137.084	2.2055
P5	B7	S434	3.30616	0.945666	126.272	126.272	2.14211
P5	B8	S442	3.4158	0.908605	131.088	131.088	2.06713
P5	B9	S450	3.75219	1.07563	129.363	129.363	2.42085
P5	C10	S459	2.95997	0.854877	110.15	110.15	2.03524
P5	C11	S467	3.34816	0.982407	117.854	117.854	2.24523
P5	C12	S475	3.23599	0.906362	136.377	136.377	2.04678
P5	C1	S387	3.38192	0.95005	118.763	118.763	2.1194
P5	C2	S395	1.15163	0.287678	64.7204	64.7204	0.609558
P5	C3	S403	3.25014	0.970532	116.921	116.921	2.34841
P5	C4	S411	3.25145	0.944862	114.441	114.441	2.19115
P5	C5	S419	3.32778	0.942327	124.706	124.706	2.15403
P5	C6	S427	3.19547	0.916037	126.83	126.83	2.10861
P5	C7	S435	3.57895	1.04139	121.437	121.437	2.34498
P5	C8	S443	3.32567	0.922727	108.309	108.309	2.09403
P5	C9	S451	3.38791	1.10027	108.102	108.102	2.60339
P5	D10	S460	3.45012	1.06045	119.312	119.312	2.45037
P5	D11	S468	2.99017	0.88905	118.326	118.326	2.15012
P5	D12	S476	3.59039	1.00609	148.94	148.94	2.25231
P5	D1	S388	3.2528	0.944015	120.292	120.292	2.17873
P5	D2	S396	3.21138	0.844396	132.313	132.313	1.93474
P5	D3	S404	3.31596	0.920858	124.336	124.336	2.14373
P5	D4	S412	3.49548	0.922249	139.103	139.103	2.05911
P5	D5	S420	3.55523	1.02703	120.215	120.215	2.33435
P5	D6	S428	3.13892	0.995242	93.2981	93.2981	2.3508
P5	D7	S436	3.094	0.904341	111.98	111.98	2.12652
P5	D8	S444	3.46108	0.942218	120.563	120.563	2.08924
P5	D9	S452	3.5738	0.980795	124.87	124.87	2.16553
P5	E10	S461	3.62927	1.07846	131.015	131.015	2.44884
P5	E11	S469	3.1929	0.873037	123.941	123.941	1.95636
P5	E12	S477	3.05527	0.827553	121.816	121.816	1.89935
P5	E1	S389	3.29692	0.943771	94.9713	94.9713	2.14694
P5	E2	S397	3.28907	0.926296	121.296	121.296	2.12648
P5	E3	S405	3.18886	0.898013	119.124	119.124	2.06354
P5	E4	S413	3.47196	0.968372	131.647	131.647	2.1598
P5	E5	S421	3.29121	0.870287	135.073	135.073	1.97235
P5	E6	S429	2.94546	0.889984	92.1298	92.1298	2.24211
P5	E7	S437	2.85477	0.850071	91.9261	91.9261	2.00714
P5	E8	S445	3.17381	0.857957	122.517	122.517	1.97135
P5	E9	S453	3.33965	0.884219	133.632	133.632	2.01547
P5	F10	S462	3.30286	0.980065	120.565	120.565	2.24253
P5	F11	S470	3.58086	0.941643	145.855	145.855	2.11023
P5	F12	S478	3.25106	0.888169	139.248	139.248	2.04108
P5	F1	S390	2.69502	0.803999	97.361	97.361	1.89188
P5	F2	S398	3.16956	0.927012	131.197	131.197	2.21868
P5	F3	S406	3.08833	0.913172	116.469	116.469	2.17006
P5	F4	S414	2.96002	0.897642	94.9081	94.9081	2.1422
P5	F5	S422	3.29612	0.890354	119.671	119.671	2.00797
P5	F6	S430	3.19421	0.928177	112.518	112.518	2.15144
P5	F7	S438	3.01757	0.900242	98.3509	98.3509	2.14527
P5	F8	S446	3.10245	0.956094	100.251	100.251	2.20949
P5	F9	S454	3.20236	0.843797	128.382	128.382	1.92032
P5	G10	S463	2.90768	0.77927	129.52	129.52	1.80772
P5	G11	S471	3.18119	0.951368	119.446	119.446	2.42108
P5	G12	S479	3.15632	0.845416	130.067	130.067	1.94084
P5	G1	S391	3.07047	0.883838	103.176	103.176	2.02676
P5	G2	S399	3.21852	0.89786	121.753	121.753	2.04998
P5	G3	S407	2.91214	0.898702	102.314	102.314	2.12891
P5	G4	S415	3.40067	0.928653	138.189	138.189	2.10996
P5	G5	S423	3.4057	0.888911	132.159	132.159	2.0198
P5	G6	S431	2.22483	0.769742	85.8227	85.8227	2.22562
P5	G7	S439	3.49605	0.944984	124.782	124.782	2.12756
P5	G8	S447	3.37412	0.942423	119.532	119.532	2.14347
P5	G9	S455	3.26435	0.902017	128.696	128.696	2.11155
P5	H10	S464	3.43381	0.902939	136.135	136.135	1.99022
P5	H11	S472	3.18303	0.906407	121.887	121.887	2.1393
P5	H12	S480	3.26583	0.971826	114.001	114.001	2.25581
P5	H1	S392	3.01169	0.919841	112.607	112.607	2.26269
P5	H2	S400	3.31141	0.96519	123.107	123.107	2.30119
P5	H3	S408	3.16263	0.861833	127.209	127.209	1.97329
P5	H4	S416	3.16463	0.863474	119.695	119.695	1.97152
P5	H5	S424	3.04743	0.857132	112.778	112.778	2.00075
P5	H6	S432	3.47128	0.945975	139.664	139.664	2.15689
P5	H7	S440	3.44503	0.951927	131.703	131.703	2.12056
P5	H8	S448	3.39183	0.92886	128.084	128.084	2.12686
P5	H9	S456	3.28802	0.993127	108.79	108.79	2.35409
P6	A10	S553	3.31054	0.955978	112.347	112.347	2.18961
P6	A11	S561	3.46189	0.919934	149.144	149.144	2.05569
P6	A12	S569	3.64732	0.965727	128.033	128.033	2.10407
P6	A1	S481	3.28734	0.905422	112.554	112.554	2.04759
P6	A2	S489	1.26515	0.315036	72.5933	72.5933	0.668433
P6	A3	S497	3.45415	0.941756	123.771	123.771	2.09044
P6	A4	S505	3.41584	0.913586	142.192	142.192	2.04922
P6	A5	S513	3.42327	0.909408	122.167	122.167	2.03105
P6	A6	S521	2.88359	0.884846	105.613	105.613	2.16307
P6	A7	S529	2.31595	0.866022	13.545	13.545	2.01356
P6	A8	S537	3.42495	0.938621	133.134	133.134	2.12265
P6	A9	S545	3.22642	0.874501	129.263	129.263	1.99615
P6	B10	S554	3.55319	1.0335	125.225	125.225	2.31097
P6	B11	S562	3.46836	0.922022	139.575	139.575	2.08862
P6	B12	S570	3.40327	0.882352	142.669	142.669	1.95351
P6	B1	S482	3.26194	0.879223	139.678	139.678	2.02423
P6	B2	S490	3.28218	0.920149	112.179	112.179	2.09818
P6	B3	S498	3.4774	0.924839	135.376	135.376	2.05189
P6	B4	S506	3.42847	1.00136	75.5226	75.5226	2.22793
P6	B5	S514	2.87628	0.827315	106.903	106.903	1.963
P6	B6	S522	3.1897	0.896621	116.684	116.684	2.09772
P6	B7	S530	3.09026	0.917675	116.676	116.676	2.1892
P6	B8	S538	3.15057	0.895336	114.069	114.069	2.07956
P6	B9	S546	3.06097	0.916518	104.614	104.614	2.15643
P6	C10	S555	3.26338	0.877614	132.612	132.612	1.9576
P6	C11	S563	3.22039	0.867189	124.278	124.278	1.95727
P6	C12	S571	3.27588	0.897585	128.419	128.419	2.04162
P6	C1	S483	3.69784	1.02334	137.343	137.343	2.28066
P6	C2	S491	3.48406	0.992714	131.464	131.464	2.27918
P6	C3	S499	3.32046	0.949538	126.285	126.285	2.17337
P6	C4	S507	2.9216	0.889035	96.4239	96.4239	2.08423
P6	C5	S515	3.14672	0.920021	106.605	106.605	2.09718
P6	C6	S523	3.60128	1.06372	129.445	129.445	2.44671
P6	C7	S531	3.349	0.948574	121.184	121.184	2.15511
P6	C8	S539	3.10265	0.900793	110.421	110.421	2.13358
P6	C9	S547	3.10519	0.933469	110.851	110.851	2.12311
P6	D10	S556	3.25797	0.974798	95.0843	95.0843	2.24017
P6	D11	S564	3.22424	0.934858	105.445	105.445	2.14175
P6	D12	S572	3.43866	0.945353	122.757	122.757	2.12634
P6	D1	S484	3.26244	0.855347	133.034	133.034	1.92955
P6	D2	S492	3.39999	0.946218	127.857	127.857	2.12518
P6	D3	S500	3.52603	0.940764	146.23	146.23	2.10821
P6	D4	S508	2.0412	0.755661	67.4607	67.4607	2.18919
P6	D5	S516	3.03962	0.838852	104.632	104.632	1.91419
P6	D6	S524	3.39482	1.04103	99.9798	99.9798	2.40273
P6	D7	S532	3.3148	0.87923	109.022	109.022	1.99188
P6	D8	S540	3.28926	0.916991	122.416	122.416	2.11422
P6	D9	S548	3.74006	1.03101	139.993	139.993	2.29885
P6	E10	S557	3.43651	0.941167	127.315	127.315	2.12668
P6	E11	S565	3.49494	0.920511	137.793	137.793	2.04343
P6	E12	S573	3.38235	0.891729	134.424	134.424	1.97681
P6	E1	S485	3.12184	0.907587	114.265	114.265	2.1111
P6	E2	S493	2.1091	0.68193	52.0295	52.0295	1.61906
P6	E3	S501	2.82442	0.851046	97.4627	97.4627	1.98476
P6	E4	S509	3.28126	0.891248	129.579	129.579	2.03782
P6	E5	S517	3.44615	1.02106	95.9497	95.9497	2.32916
P6	E6	S525	3.17563	0.884397	111.493	111.493	2.03441
P6	E7	S533	3.48535	1.06902	100.945	100.945	2.42357
P6	E8	S541	3.39137	1.00002	110.647	110.647	2.29148
P6	E9	S549	3.30693	0.906146	136.105	136.105	2.07596
P6	F10	S558	3.2917	0.990688	49.5525	49.5525	2.25604
P6	F11	S566	3.15339	0.879481	110.919	110.919	2.02009
P6	F12	S574	3.27964	0.883348	130.541	130.541	1.97254
P6	F1	S486	3.00238	0.898289	103.413	103.413	2.12364
P6	F2	S494	3.37129	0.936644	120.902	120.902	2.13237
P6	F3	S502	3.32353	0.9219	134.631	134.631	2.1075
P6	F4	S510	3.39911	0.947257	116.305	116.305	2.11548
P6	F5	S518	3.32827	0.911964	127.783	127.783	2.08284
P6	F6	S526	3.26851	0.929684	109.504	109.504	2.09725
P6	F7	S534	3.23203	0.882672	126.355	126.355	1.9997
P6	F8	S542	3.34448	0.896289	118.695	118.695	2.02682
P6	F9	S550	3.00842	0.805198	134.164	134.164	1.84663
P6	G10	S559	3.03182	0.866077	113.008	113.008	1.98731
P6	G11	S567	2.96373	0.889466	95.1774	95.1774	2.09085
P6	G12	S575	3.11532	0.966359	107.802	107.802	2.28862
P6	G1	S487	3.02103	0.897851	109.144	109.144	2.10878
P6	G2	S495	3.36602	0.892781	135.988	135.988	1.99926
P6	G3	S503	3.53346	0.918189	146.92	146.92	2.08655
P6	G4	S511	2.97916	0.819529	127.589	127.589	1.89161
P6	G5	S519	3.23139	0.871104	133.509	133.509	2.0154
P6	G6	S527	3.31116	0.849963	147.073	147.073	1.89655
P6	G7	S535	3.52893	0.948854	136.472	136.472	2.13216
P6	G8	S543	3.49528	1.22452	118.319	118.319	3.17117
P6	G9	S551	3.65337	0.972124	142.545	142.545	2.15241
P6	H10	S560	3.71279	1.18474	128.17	128.17	2.8628
P6	H11	S568	2.9606	0.875193	112.417	112.417	2.10217
P6	H12	S576	3.44929	0.961737	126.946	126.946	2.18088
P6	H1	S488	3.28943	0.936316	119.404	119.404	2.14121
P6	H2	S496	3.17031	0.88225	114.803	114.803	1.9842
P6	H3	S504	3.11683	0.901147	107.273	107.273	2.07183
P6	H4	S512	3.28365	0.967126	113.269	113.269	2.25731
P6	H5	S520	3.20807	0.924967	124.175	124.175	2.14667
P6	H6	S528	3.31541	0.899172	130.664	130.664	2.0072
P6	H7	S536	3.42545	0.963824	117.969	117.969	2.1813
P6	H8	S544	3.36271	0.933657	132.109	132.109	2.13433
P6	H9	S552	3.35037	0.983437	135.836	135.836	2.33253
P7	A10	S649	3.08071	0.838337	119.595	119.595	1.87771
P7	A11	S657	3.11596	0.934127	104.407	104.407	2.1035
P7	A12	S665	3.20336	0.972445	104.892	104.892	2.27722
P7	A1	S577	3.25235	0.837456	128.788	128.788	1.89228
P7	A2	S585	3.13153	0.829631	124.01	124.01	1.90444
P7	A3	S593	3.27085	0.980825	96.6337	96.6337	2.25099
P7	A4	S601	3.49893	0.974144	129.99	129.99	2.2295
P7	A5	S609	3.3453	0.932065	121.414	121.414	2.13134
P7	A6	S617	3.36867	0.910923	128.407	128.407	2.09372
P7	A7	S625	3.44909	0.887719	142.045	142.045	1.97368
P7	A8	S633	3.39019	0.905236	125.15	125.15	2.02769
P7	A9	S641	1.89816	0.643386	78.785	78.785	1.55672
P7	B10	S650	3.112	0.922185	116.798	116.798	2.17829
P7	B11	S658	2.91255	0.803117	110.555	110.555	1.86067
P7	B12	S666	3.20911	0.829633	148.092	148.092	1.88976
P7	B1	S578	3.26312	0.91417	112.084	112.084	2.08087
P7	B2	S586	3.19979	0.94277	113.491	113.491	2.22498
P7	B3	S594	3.21004	0.915755	123.743	123.743	2.10478
P7	B4	S602	3.00568	0.810613	119.911	119.911	1.86394
P7	B5	S610	3.43321	0.928108	129.932	129.932	2.12667
P7	B6	S618	3.01525	0.863206	116.177	116.177	2.04802
P7	B7	S626	1.23396	0.319128	67.256	67.256	0.680267
P7	B8	S634	3.40883	0.999552	111.97	111.97	2.34015
P7	B9	S642	3.05028	0.947827	93.0396	93.0396	2.17427
P7	C10	S651	3.48985	0.929153	145.602	145.602	2.11384
P7	C11	S659	3.23711	0.91014	119.946	119.946	2.08928
P7	C12	S667	3.13242	0.905323	106.537	106.537	2.11749
P7	C1	S579	3.06124	0.866287	119.929	119.929	1.9859
P7	C2	S587	2.99695	0.898	120.939	120.939	2.26995
P7	C3	S595	3.22087	0.824922	140.036	140.036	1.82503
P7	C4	S603	3.39763	0.906599	137.484	137.484	2.05345
P7	C5	S611	3.09673	0.876243	125.545	125.545	2.06872
P7	C6	S619	3.31366	0.969489	120.438	120.438	2.2057
P7	C7	S627	3.45945	0.909049	136.523	136.523	2.0226
P7	C8	S635	3.12728	0.922399	113.891	113.891	2.21207
P7	C9	S643	3.56927	0.938482	142.052	142.052	2.12972
P7	D10	S652	3.07343	0.902131	105.075	105.075	2.11771
P7	D11	S660	3.09241	0.868007	121.785	121.785	2.01176
P7	D12	S668	3.35626	0.961958	106.041	106.041	2.19421
P7	D1	S580	3.43977	0.996418	98.4985	98.4985	2.25027
P7	D2	S588	3.1601	0.930358	108.535	108.535	2.20652
P7	D3	S596	2.80671	0.844826	94.4494	94.4494	2.04087
P7	D4	S604	3.25996	0.894683	134.659	134.659	2.04478
P7	D5	S612	1.68962	0.571417	38.8453	38.8453	1.34129
P7	D6	S620	3.26672	0.955318	112.068	112.068	2.23808
P7	D7	S628	3.20657	0.823874	135.309	135.309	1.87135
P7	D8	S636	3.11604	0.937723	103.854	103.854	2.22112
P7	D9	S644	3.27337	0.948818	117.92	117.92	2.22233
P7	E10	S653	3.34046	0.921538	129.528	129.528	2.06117
P7	E11	S661	3.18787	0.909533	107.038	107.038	2.1228
P7	E12	S669	3.20595	0.891774	126.915	126.915	2.08181
P7	E1	S581	3.55522	1.11765	76.7669	76.7669	2.51506
P7	E2	S589	3.43736	1.03132	100.626	100.626	2.37163
P7	E3	S597	3.45208	1.05228	86.6165	86.6165	2.37459
P7	E4	S605	3.37585	0.944646	136.752	136.752	2.16999
P7	E5	S613	3.31172	0.912703	129.28	129.28	2.08753
P7	E6	S621	3.58048	0.991865	129.719	129.719	2.22866
P7	E7	S629	3.1343	0.810265	137.793	137.793	1.83099
P7	E8	S637	2.9849	0.853339	101.605	101.605	1.96974
P7	E9	S645	3.3802	0.886093	146.486	146.486	2.00528
P7	F10	S654	3.50262	0.962168	124.579	124.579	2.17898
P7	F11	S662	2.85693	0.868966	84.0971	84.0971	2.01151
P7	F12	S670	3.5612	0.996442	135.514	135.514	2.25516
P7	F1	S582	3.20359	0.856172	126.888	126.888	1.96083
P7	F2	S590	3.42091	0.975173	117.55	117.55	2.26825
P7	F3	S598	3.04015	0.844934	108.45	108.45	1.94672
P7	F4	S606	3.02006	0.878649	100.631	100.631	2.01923
P7	F5	S614	3.45135	0.938655	120.291	120.291	2.10729
P7	F6	S622	3.30093	1.00294	93.3849	93.3849	2.27848
P7	F7	S630	3.52037	1.11528	106.727	106.727	2.60113
P7	F8	S638	3.33903	0.915616	119.985	119.985	2.08468
P7	F9	S646	3.50472	1.02422	99.1071	99.1071	2.27373
P7	G10	S655	3.43216	0.92833	129.877	129.877	2.04871
P7	G11	S663	3.49663	0.969068	128.871	128.871	2.24062
P7	G12	S671	3.12434	0.828922	132.925	132.925	1.8889
P7	G1	S583	2.79007	0.777457	107.695	107.695	1.81692
P7	G2	S591	3.26003	0.926718	129.275	129.275	2.14401
P7	G3	S599	3.1616	0.860846	113.673	113.673	1.9497
P7	G4	S607	3.44328	0.920503	143.115	143.115	2.05814
P7	G5	S615	3.194	1.01357	81.8063	81.8063	2.36829
P7	G6	S623	3.27124	0.873038	125.87	125.87	1.98679
P7	G7	S631	3.42253	0.936831	126.265	126.265	2.14268
P7	G8	S639	3.19231	0.929147	122.158	122.158	2.16827
P7	G9	S647	3.12904	0.913708	115.198	115.198	2.05917
P7	H10	S656	3.2448	0.956902	102.287	102.287	2.187
P7	H11	S664	2.9995	0.843422	114.263	114.263	1.94865
P7	H12	S672	3.38048	0.976702	118.588	118.588	2.26491
P7	H1	S584	3.21087	0.918912	118.286	118.286	2.16139
P7	H2	S592	2.94901	0.790023	114.542	114.542	1.81096
P7	H3	S600	3.02722	0.869615	110.511	110.511	2.06421
P7	H4	S608	3.58855	0.984438	126.536	126.536	2.20927
P7	H5	S616	2.89262	0.795983	114.28	114.28	1.85294
P7	H6	S624	3.24784	0.860697	124.913	124.913	1.93375
P7	H7	S632	3.341	0.934176	132.457	132.457	2.13573
P7	H8	S640	3.21699	0.932232	115.334	115.334	2.12194
P7	H9	S648	3.36821	0.952045	121.916	121.916	2.20286
P8	A10	S745	3.31977	0.88634	144.262	144.262	1.99111
P8	A11	S753	3.57295	0.922093	138.732	138.732	2.03629
P8	A12	S761	3.37514	1.01644	97.2799	97.2799	2.28441
P8	A1	S673	3.12279	0.922619	106.01	106.01	2.14912
P8	A2	S681	3.50817	1.0008	130.929	130.929	2.26621
P8	A3	S689	3.12868	0.879282	121.243	121.243	2.06209
P8	A4	S697	3.36924	0.894426	140.648	140.648	2.03543
P8	A5	S705	3.15651	0.912746	103.597	103.597	2.12614
P8	A6	S713	3.15279	0.885417	119.832	119.832	2.03388
P8	A7	S721	3.01091	0.914044	112.176	112.176	2.38913
P8	A8	S729	3.26713	0.951459	102.492	102.492	2.15985
P8	A9	S737	3.32664	0.896456	128.765	128.765	2.02437
P8	B10	S746	3.40131	0.877845	153.764	153.764	1.9427
P8	B11	S754	3.35581	0.982044	107.159	107.159	2.22194
P8	B12	S762	3.03198	0.907547	105.396	105.396	2.16599
P8	B1	S674	3.56326	0.990219	124.186	124.186	2.2303
P8	B2	S682	3.50685	0.973072	122.678	122.678	2.18312
P8	B3	S690	3.29358	0.864483	134.496	134.496	1.9625
P8	B4	S698	3.33349	0.88538	137.918	137.918	2.00324
P8	B5	S706	3.193	0.92487	118.045	118.045	2.15285
P8	B6	S714	3.14942	0.874579	120.049	120.049	2.00372
P8	B7	S722	3.10193	0.938825	105.4	105.4	2.2843
P8	B8	S730	3.17235	0.889566	124.663	124.663	2.04171
P8	B9	S738	3.45319	0.929692	129.843	129.843	2.11667
P8	C10	S747	3.40444	0.921886	126.755	126.755	2.04729
P8	C11	S755	3.35142	0.905013	134.112	134.112	2.05059
P8	C12	S763	3.41759	0.993829	107.993	107.993	2.27205
P8	C1	S675	2.97846	0.991153	25.7631	25.7631	2.23729
P8	C2	S683	3.0367	0.858556	117.468	117.468	2.00633
P8	C3	S691	3.35134	0.892477	128.685	128.685	1.99437
P8	C4	S699	3.44335	0.939366	137.229	137.229	2.13071
P8	C5	S707	3.58246	1.02126	119.545	119.545	2.32567
P8	C6	S715	3.16526	0.950712	102.112	102.112	2.31887
P8	C7	S723	3.15748	0.874104	112.494	112.494	1.98637
P8	C8	S731	3.34833	0.979846	104.851	104.851	2.28808
P8	C9	S739	3.31312	0.93483	118.321	118.321	2.14081
P8	D10	S748	3.51253	0.923708	139.776	139.776	2.05661
P8	D11	S756	3.06862	0.831876	122.339	122.339	1.91503
P8	D12	S764	3.18688	0.907516	120.153	120.153	2.07853
P8	D1	S676	3.31425	0.970305	108.328	108.328	2.1898
P8	D2	S684	3.28505	0.899068	126.815	126.815	2.0619
P8	D3	S692	3.30668	0.858444	145.397	145.397	1.95981
P8	D4	S700	3.51372	1.08569	86.3218	86.3218	2.45884
P8	D5	S708	3.33615	0.906788	134.305	134.305	2.08312
P8	D6	S716	3.49267	1.00696	118.852	118.852	2.24198
P8	D7	S724	3.15019	0.918107	121.33	121.33	2.11974
P8	D8	S732	3.23976	0.853579	129.279	129.279	1.93177
P8	D9	S740	3.04271	0.815448	116.988	116.988	1.87445
P8	E10	S749	3.28399	0.973557	119.281	119.281	2.36809
P8	E11	S757	2.02037	0.716535	12.9451	12.9451	1.63295
P8	E12	S765	3.47944	0.927723	130.383	130.383	2.07459
P8	E1	S677	3.22773	0.932478	110.536	110.536	2.16292
P8	E2	S685	3.23295	0.955219	104.596	104.596	2.24752
P8	E3	S693	3.35318	0.976032	105.341	105.341	2.2713
P8	E4	S701	3.32484	0.86833	137.641	137.641	1.96999
P8	E5	S709	3.22077	0.895132	123.769	123.769	2.02363
P8	E6	S717	3.41436	1.15423	100.694	100.694	2.78307
P8	E7	S725	3.52288	1.01809	132.223	132.223	2.32339
P8	E8	S733	3.47652	0.974576	133.304	133.304	2.2346
P8	E9	S741	2.99804	0.889971	102.408	102.408	2.0949
P8	F10	S750	3.3632	0.957243	114.507	114.507	2.19268
P8	F11	S758	3.58391	1.14121	100.873	100.873	2.64891
P8	F12	S766	3.29648	1.095	100.123	100.123	2.56519
P8	F1	S678	1.67828	0.455652	80.918	80.918	0.998541
P8	F2	S686	2.9886	0.788349	121.95	121.95	1.80969
P8	F3	S694	2.09705	0.74455	77.5202	77.5202	1.92153
P8	F4	S702	3.25812	0.953776	114.682	114.682	2.22947
P8	F5	S710	3.10307	0.848548	126.532	126.532	1.94159
P8	F6	S718	3.51548	0.986466	112.394	112.394	2.20057
P8	F7	S726	3.26418	1.01797	125.422	125.422	2.42211
P8	F8	S734	3.58647	1.03179	115.565	115.565	2.35735
P8	F9	S742	3.24761	0.867285	126.203	126.203	1.99032
P8	G10	S751	3.33784	0.927737	128.968	128.968	2.1385
P8	G11	S759	3.41887	0.934613	133.121	133.121	2.08835
P8	G12	S767	3.33694	0.932291	130.673	130.673	2.16026
P8	G1	S679	1.81345	0.589231	58.3622	58.3622	1.43762
P8	G2	S687	3.04499	0.788511	126.125	126.125	1.75687
P8	G3	S695	3.28302	0.89327	128.067	128.067	2.03652
P8	G4	S703	3.22494	0.977638	99.6707	99.6707	2.27094
P8	G5	S711	3.3817	0.92178	128.816	128.816	2.0786
P8	G6	S719	3.38355	1.00528	105.356	105.356	2.28683
P8	G7	S727	3.06133	0.814088	122.815	122.815	1.84755
P8	G8	S735	3.67447	1.12196	86.7551	86.7551	2.54554
P8	G9	S743	3.08742	0.897301	108.533	108.533	2.12903
P8	H10	S752	3.19742	0.999308	100.402	100.402	2.36307
P8	H11	S760	3.47224	1.04033	107.867	107.867	2.38558
P8	H12	S768	3.55548	0.960341	125.762	125.762	2.14782
P8	H1	S680	3.65124	1.06982	127.254	127.254	2.44658
P8	H2	S688	1.7141	0.636282	10.4482	10.5109	1.49879
P8	H3	S696	3.40122	0.968429	122.894	122.894	2.19551
P8	H4	S704	3.36206	0.962438	121.902	121.902	2.25764
P8	H5	S712	3.17942	0.941466	106.117	106.117	2.1793
P8	H6	S720	3.16768	0.852518	119.072	119.072	1.94444
P8	H7	S728	3.27714	0.88201	124.326	124.326	1.99696
P8	H8	S736	3.30522	0.905421	124.597	124.597	2.06886
P8	H9	S744	2.94453	0.89178	101.471	101.471	2.16242
P9	A10	S841	3.37437	0.945896	117.689	117.689	2.15162
P9	A11	S849	2.46831	0.872518	18.2153	18.2153	2.01927
P9	A12	S857	2.79766	0.994856	19.9553	19.9553	2.32929
P9	A1	S769	3.4395	0.93333	128.645	128.645	2.0849
P9	A2	S777	3.34054	0.940711	133.119	133.119	2.16708
P9	A3	S785	3.40204	0.910939	129.92	129.92	2.05724
P9	A4	S793	3.01238	0.829295	105.812	105.812	1.88612
P9	A5	S801	3.35658	0.907098	131.861	131.861	2.02236
P9	A6	S809	3.07238	0.877515	115.582	115.582	2.02051
P9	A7	S817	3.25554	0.930707	102.647	102.647	2.10601
P9	A8	S825	1.86891	0.617691	52.1151	52.1151	1.53222
P9	A9	S833	3.20152	0.908999	126.767	126.767	2.10946
P9	B10	S842	3.20055	0.890023	119.593	119.593	2.0386
P9	B11	S850	2.17428	0.917615	9.06762	9.13035	2.17684
P9	B12	S858	2.8222	1.00086	17.7871	17.7871	2.29869
P9	B1	S770	3.0525	0.833584	119.877	119.877	1.88316
P9	B2	S778	3.00183	0.871565	100.772	100.772	2.01688
P9	B3	S786	3.09103	0.946634	109.393	109.393	2.25934
P9	B4	S794	3.29534	0.932342	121.452	121.452	2.12294
P9	B5	S802	3.23879	0.885494	127.547	127.547	2.01658
P9	B6	S810	3.41296	0.946388	127.803	127.803	2.10175
P9	B7	S818	2.98947	0.895058	104.519	104.519	2.13799
P9	B8	S826	3.40965	0.925502	131.922	131.922	2.05914
P9	B9	S834	3.21241	0.91264	125.793	125.793	2.13166
P9	C10	S843	3.15491	0.860521	118.998	118.998	1.90592
P9	C11	S851	2.25543	0.827515	12.471	12.5337	1.87584
P9	C12	S859	1.63926	0.663889	8.07975	8.14248	1.65133
P9	C1	S771	2.98923	0.871203	105.928	105.928	2.02588
P9	C2	S779	3.30027	0.882888	131.266	131.266	1.98789
P9	C3	S787	3.40039	0.950215	115.304	115.304	2.08496
P9	C4	S795	3.51432	0.928857	144.026	144.026	2.10439
P9	C5	S803	2.99725	0.910958	97.8932	97.8932	2.14274
P9	C6	S811	3.55533	0.963826	136.04	136.04	2.16848
P9	C7	S819	3.03158	0.863522	107.282	107.282	1.99096
P9	C8	S827	3.21779	0.897425	115.58	115.58	2.05126
P9	C9	S835	3.15455	0.871346	136.863	136.863	2.01426
P9	D10	S844	3.36612	0.899854	140.092	140.092	2.06117
P9	D11	S852	2.38769	0.812843	20.8796	20.8796	1.88827
P9	D12	S860	3.51571	1.42335	15.1697	15.1697	3.28902
P9	D1	S772	3.03694	0.839665	113.999	113.999	1.91449
P9	D2	S780	3.28324	0.917262	133.656	133.656	2.08146
P9	D3	S788	3.28159	0.903691	126.319	126.319	2.05315
P9	D4	S796	3.09616	0.812726	124.954	124.954	1.85617
P9	D5	S804	3.26348	0.874333	109.091	109.091	1.96127
P9	D6	S812	3.39639	0.904982	142.782	142.782	2.03965
P9	D7	S820	2.91913	0.84974	99.7691	99.7691	1.99927
P9	D8	S828	2.94927	0.773075	127.155	127.155	1.77345
P9	D9	S836	3.18287	0.860084	117.482	117.482	1.93452
P9	E10	S845	3.07971	0.867032	114.487	114.487	1.97544
P9	E11	S853	2.38495	0.928654	13.3618	13.3618	2.16912
P9	E12	S861	2.85219	1.04473	17.2495	17.3123	2.44005
P9	E1	S773	3.2597	0.894237	128.221	128.221	2.04202
P9	E2	S781	3.22827	0.921189	126.334	126.334	2.11729
P9	E3	S789	3.13265	0.900798	103.162	103.162	2.05546
P9	E4	S797	3.02171	0.887763	110.752	110.752	2.03547
P9	E5	S805	2.95031	0.883458	127.504	127.504	2.21555
P9	E6	S813	3.31533	0.938444	135.187	135.187	2.17493
P9	E7	S821	3.14115	0.853616	114.795	114.795	1.92558
P9	E8	S829	3.25419	0.915441	113.553	113.553	2.0922
P9	E9	S837	3.4446	0.927973	130.939	130.939	2.08944
P9	F10	S846	3.40308	0.995277	135.239	135.239	2.31138
P9	F11	S854	2.41317	1.01675	10.4748	10.4748	2.43027
P9	F12	S862	2.08609	0.827117	10.6601	10.6601	1.99135
P9	F1	S774	3.29966	0.872592	139.034	139.034	1.96548
P9	F2	S782	3.21855	0.920803	124.389	124.389	2.11611
P9	F3	S790	3.33325	0.922248	121.049	121.049	2.0699
P9	F4	S798	3.21104	0.872184	123.869	123.869	1.96968
P9	F5	S806	3.35554	0.930077	126.75	126.75	2.09263
P9	F6	S814	3.42433	0.964336	115.237	115.237	2.17182
P9	F7	S822	3.18708	0.860854	128.777	128.777	1.95506
P9	F8	S830	2.89507	0.893014	118.309	118.309	2.28313
P9	F9	S838	3.027	0.821341	110.175	110.175	1.8541
P9	G10	S847	3.2059	0.887875	116.832	116.832	2.01478
P9	G11	S855	2.21048	0.791665	12.9245	12.9245	1.76452
P9	G12	S863	2.98361	0.962061	26.6289	26.6289	2.12552
P9	G1	S775	3.20306	0.913941	129.736	129.736	2.16345
P9	G2	S783	3.1776	0.875319	120.504	120.504	2.01659
P9	G3	S791	3.30754	0.878272	132.767	132.767	1.96221
P9	G4	S799	3.30686	0.903164	127.883	127.883	2.01359
P9	G5	S807	3.22402	0.865	130.465	130.465	1.95985
P9	G6	S815	3.33523	0.932917	130.566	130.566	2.1436
P9	G7	S823	3.22385	0.895077	117.563	117.563	2.0096
P9	G8	S831	1.27169	0.32599	60.1536	60.1536	0.692133
P9	G9	S839	3.52832	0.982359	133.229	133.229	2.23192
P9	H10	S848	3.07737	0.886884	112.693	112.693	2.03963
P9	H11	S856	2.55547	0.869052	21.6635	21.6635	1.9847
P9	H12	S864	2.42515	0.868399	15.6879	15.6879	1.96324
P9	H1	S776	3.36832	0.935921	132.91	132.91	2.11778
P9	H2	S784	3.14265	0.877129	123.43	123.43	2.03026
P9	H3	S792	3.21967	0.892148	130.765	130.765	2.04138
P9	H4	S800	3.19079	0.878548	132.807	132.807	2.02042
P9	H5	S808	2.16132	0.74548	80.4414	80.4414	2.025
P9	H6	S816	3.10265	0.885247	120.498	120.498	2.03987
P9	H7	S824	2.98991	0.890406	108.78	108.78	2.07186
P9	H8	S832	3.49908	0.977968	125.905	125.905	2.18448
P9	H9	S840	3.28668	0.887457	138.655	138.655	2.02248
